bus,n_rows,mae_abs_delta_i_m,mae_abs_drift_v_dt,mean_v_dt_b,mean_v_dt_m,max_abs_drift_v_dt
1,90,735.3586207555555,0.02297769999999999,1.0435037999999999,1.0205260999999999,0.050119000000000025
2,90,624.4363984444444,0.03386844444444446,1.0457193444444444,1.0118509,0.07939400000000008
3,90,821.9176245444445,0.04081601111111111,1.0398715,0.999055488888889,0.07018199999999997
4,90,744.9762452888889,0.0635261111111111,1.0378908666666666,0.974446911111111,0.15088899999999994
5,90,764.5651340666667,0.06094919999999999,1.0394920222222221,0.9786142444444444,0.1398879999999999
