"line","mean_I","margin_proteksi","mean_I_margin_1_25"
"0","802.837329","1.25","1003.546661"
"1","449.881940","1.25","562.352425"
"2","118.029632","1.25","147.537040"
"3","482.023506","1.25","602.529383"
