cycle_id,ts_sent,bus,V_sent,I_sent,P_bus,Q_bus,power_factor,breaker_actual
13,1780246105.898926,2,1.010627,327.242695,56.871442,27.129086,0.902568,1
