cycle_id,ts_received,ts_sent,bus,V_received,I_received,P_sent,Q_sent,breaker_actual
12,1780258987.691189,1780258987.691286,1,1.020000,895.933333,171.483096,30.143034,1
