cmd_id,origin_cycle,ts_received,bus,breaker_DT
0,0,1780254138.735419,1,1
0,0,1780254138.735419,2,1
0,0,1780254138.735419,3,1
0,0,1780254138.735419,4,1
0,0,1780254138.735419,5,1
0,0,1780254139.736725,1,1
0,0,1780254139.736725,2,1
0,0,1780254139.736725,3,1
0,0,1780254139.736725,4,1
0,0,1780254139.736725,5,1
0,0,1780254140.737989,1,1
0,0,1780254140.737989,2,1
0,0,1780254140.737989,3,1
0,0,1780254140.737989,4,1
0,0,1780254140.737989,5,1
0,0,1780254141.806162,1,1
0,0,1780254141.806162,2,1
0,0,1780254141.806162,3,1
0,0,1780254141.806162,4,1
0,0,1780254141.806162,5,1
0,0,1780254142.808908,1,1
0,0,1780254142.808908,2,1
0,0,1780254142.808908,3,1
0,0,1780254142.808908,4,1
0,0,1780254142.808908,5,1
0,0,1780254143.810930,1,1
0,0,1780254143.810930,2,1
0,0,1780254143.810930,3,1
0,0,1780254143.810930,4,1
0,0,1780254143.810930,5,1
0,0,1780254144.811970,1,1
0,0,1780254144.811970,2,1
0,0,1780254144.811970,3,1
0,0,1780254144.811970,4,1
0,0,1780254144.811970,5,1
22,73,1780254690.180706,1,1
22,73,1780254690.180706,2,1
22,73,1780254690.180706,3,1
22,73,1780254690.180706,4,1
22,73,1780254690.180706,5,1
24,89,1780254691.210652,1,1
24,89,1780254691.210652,2,1
24,89,1780254691.210652,3,1
24,89,1780254691.210652,4,1
24,89,1780254691.210652,5,1
25,90,1780254692.211746,1,1
25,90,1780254692.211746,2,1
25,90,1780254692.211746,3,1
25,90,1780254692.211746,4,1
25,90,1780254692.211746,5,1
26,91,1780254693.213010,1,1
26,91,1780254693.213010,2,1
26,91,1780254693.213010,3,1
26,91,1780254693.213010,4,1
26,91,1780254693.213010,5,1
27,92,1780254694.214414,1,1
27,92,1780254694.214414,2,1
27,92,1780254694.214414,3,1
27,92,1780254694.214414,4,1
27,92,1780254694.214414,5,1
27,92,1780254695.216500,1,1
27,92,1780254695.216500,2,1
27,92,1780254695.216500,3,1
27,92,1780254695.216500,4,1
27,92,1780254695.216500,5,1
