cmd_id,origin_cycle,ts_sent,breaker_DT
1,7,1780252243.213384,1:1;2:1;3:1;4:1;5:1
2,8,1780252244.221029,1:1;2:1;3:1;4:1;5:1
3,9,1780252245.237072,1:1;2:1;3:1;4:1;5:1
4,10,1780252246.240992,1:1;2:1;3:1;4:1;5:1
5,11,1780252247.201555,1:1;2:1;3:1;4:1;5:1
6,12,1780252248.270841,1:1;2:1;3:1;4:1;5:1
7,13,1780252249.277449,1:1;2:1;3:1;4:1;5:1
