cmd_id,origin_cycle,ts_received,breaker_DT
0,0,1780250432.725546,1:1;2:1;3:1;4:1;5:1
0,0,1780250433.958672,1:1;2:1;3:1;4:1;5:1
0,0,1780250435.002694,1:1;2:1;3:1;4:1;5:1
0,0,1780250436.027942,1:1;2:1;3:1;4:1;5:1
0,0,1780250437.074894,1:1;2:1;3:1;4:1;5:1
0,0,1780250438.075389,1:1;2:1;3:1;4:1;5:1
0,0,1780250439.076127,1:1;2:1;3:1;4:1;5:1
