cmd_id,origin_cycle,ts_sent,breaker_DT
1,6,1780250438.378040,1:1;2:1;3:1;4:1;5:1
99,109,1780250541.819581,1:1;2:1;3:1;4:1;5:1
