cmd_id,origin_cycle,ts_received,ts_sent,bus,breaker_DT
1,6,1780254144.812005,1780254144.849285,1,1
1,6,1780254144.812005,1780254144.849285,2,1
1,6,1780254144.812005,1780254144.849285,3,1
1,6,1780254144.812005,1780254144.849285,4,1
1,6,1780254144.812005,1780254144.849285,5,1
