cmd_id,origin_cycle,ts_sent,bus,breaker_DT
2,7,1780254144.941185,1,1
2,7,1780254144.941185,2,1
2,7,1780254144.941185,3,1
2,7,1780254144.941185,4,1
2,7,1780254144.941185,5,1
