cmd_id,origin_cycle,ts_received,bus,breaker_DT
0,0,1780258976.119650,1,1
0,0,1780258976.119650,2,1
0,0,1780258976.119650,3,1
0,0,1780258976.119650,4,1
0,0,1780258976.119650,5,1
0,0,1780258977.122435,1,1
0,0,1780258977.122435,2,1
0,0,1780258977.122435,3,1
0,0,1780258977.122435,4,1
0,0,1780258977.122435,5,1
0,0,1780258978.124033,1,1
0,0,1780258978.124033,2,1
0,0,1780258978.124033,3,1
0,0,1780258978.124033,4,1
0,0,1780258978.124033,5,1
0,0,1780258979.489305,1,1
0,0,1780258979.489305,2,1
0,0,1780258979.489305,3,1
0,0,1780258979.489305,4,1
0,0,1780258979.489305,5,1
0,0,1780258980.510704,1,1
0,0,1780258980.510704,2,1
0,0,1780258980.510704,3,1
0,0,1780258980.510704,4,1
0,0,1780258980.510704,5,1
0,0,1780258981.615740,1,1
0,0,1780258981.615740,2,1
0,0,1780258981.615740,3,1
0,0,1780258981.615740,4,1
0,0,1780258981.615740,5,1
0,0,1780258982.617653,1,1
0,0,1780258982.617653,2,1
0,0,1780258982.617653,3,1
0,0,1780258982.617653,4,1
0,0,1780258982.617653,5,1
0,0,1780258983.634537,1,1
0,0,1780258983.634537,2,1
0,0,1780258983.634537,3,1
0,0,1780258983.634537,4,1
0,0,1780258983.634537,5,1
1,6,1780258984.636067,1,1
1,6,1780258984.636067,2,1
1,6,1780258984.636067,3,1
1,6,1780258984.636067,4,1
1,6,1780258984.636067,5,1
2,7,1780258985.636766,1,1
2,7,1780258985.636766,2,1
2,7,1780258985.636766,3,1
2,7,1780258985.636766,4,1
2,7,1780258985.636766,5,1
3,8,1780258986.638132,1,1
3,8,1780258986.638132,2,1
3,8,1780258986.638132,3,1
3,8,1780258986.638132,4,1
3,8,1780258986.638132,5,1
4,9,1780258987.638383,1,1
4,9,1780258987.638383,2,1
4,9,1780258987.638383,3,1
4,9,1780258987.638383,4,1
4,9,1780258987.638383,5,1
