cmd_id,origin_cycle,ts_received,bus,breaker_DT
0,0,1780253784.697363,1,1
0,0,1780253784.697363,2,1
0,0,1780253784.697363,3,1
0,0,1780253784.697363,4,1
0,0,1780253784.697363,5,1
0,0,1780253785.697975,1,1
0,0,1780253785.697975,2,1
0,0,1780253785.697975,3,1
0,0,1780253785.697975,4,1
0,0,1780253785.697975,5,1
0,0,1780253786.698820,1,1
0,0,1780253786.698820,2,1
0,0,1780253786.698820,3,1
0,0,1780253786.698820,4,1
0,0,1780253786.698820,5,1
